ZipCode,Month,Year,CustomerClass,Combined,TotalCustomers,TotalkWh,AveragekWh
91901,4,2024,A,Y,0,0,0
91901,4,2024,C,Y,0,0,0
91901,4,2024,I,Y,0,0,0
91901,4,2024,R,Y,2487,560527,225
91902,4,2024,A,Y,0,0,0
91902,4,2024,C,Y,0,0,0
91902,4,2024,I,Y,0,0,0
91902,4,2024,R,N,881,195424,222
91905,4,2024,A,Y,0,0,0
91905,4,2024,C,Y,0,0,0
91905,4,2024,I,Y,0,0,0
91905,4,2024,R,Y,0,0,0
91906,4,2024,A,Y,0,0,0
91906,4,2024,C,Y,0,0,0
91906,4,2024,I,Y,0,0,0
91906,4,2024,R,Y,542,31196,58
91910,4,2024,A,Y,0,0,0
91910,4,2024,C,Y,470,5293005,11262
91910,4,2024,I,Y,0,0,0
91910,4,2024,R,Y,6210,1272711,205
91911,4,2024,A,Y,0,0,0
91911,4,2024,C,Y,636,5295995,8327
91911,4,2024,I,Y,0,0,0
91911,4,2024,R,Y,5196,1115756,215
91912,4,2024,A,Y,0,0,0
91912,4,2024,C,Y,0,0,0
91912,4,2024,I,Y,0,0,0
91912,4,2024,R,Y,0,0,0
91913,4,2024,A,Y,0,0,0
91913,4,2024,C,Y,0,0,0
91913,4,2024,I,Y,0,0,0
91913,4,2024,R,N,5328,1113209,209
91914,4,2024,A,Y,0,0,0
91914,4,2024,C,Y,0,0,0
91914,4,2024,I,Y,0,0,0
91914,4,2024,R,N,741,93794,127
91915,4,2024,A,Y,0,0,0
91915,4,2024,C,Y,0,0,0
91915,4,2024,I,Y,0,0,0
91915,4,2024,R,Y,3267,760856,233
91916,4,2024,A,Y,0,0,0
91916,4,2024,C,Y,0,0,0
91916,4,2024,I,Y,0,0,0
91916,4,2024,R,Y,0,0,0
91917,4,2024,A,Y,0,0,0
91917,4,2024,C,Y,0,0,0
91917,4,2024,I,Y,0,0,0
91917,4,2024,R,Y,0,0,0
91931,4,2024,A,Y,0,0,0
91931,4,2024,C,Y,0,0,0
91931,4,2024,I,Y,0,0,0
91931,4,2024,R,Y,0,0,0
91932,4,2024,A,Y,0,0,0
91932,4,2024,C,N,116,425768,3670
91932,4,2024,I,Y,0,0,0
91932,4,2024,R,N,3330,635497,191
91934,4,2024,A,Y,0,0,0
91934,4,2024,C,Y,0,0,0
91934,4,2024,I,Y,0,0,0
91934,4,2024,R,Y,0,0,0
91935,4,2024,A,Y,0,0,0
91935,4,2024,C,Y,0,0,0
91935,4,2024,I,Y,0,0,0
91935,4,2024,R,N,583,85497,147
91941,4,2024,A,Y,0,0,0
91941,4,2024,C,Y,0,0,0
91941,4,2024,I,Y,0,0,0
91941,4,2024,R,N,2978,462839,155
91942,4,2024,A,Y,0,0,0
91942,4,2024,C,Y,0,0,0
91942,4,2024,I,Y,0,0,0
91942,4,2024,R,N,5770,1238360,215
91945,4,2024,A,Y,0,0,0
91945,4,2024,C,N,584,2633664,4510
91945,4,2024,I,Y,0,0,0
91945,4,2024,R,N,9076,1794086,198
91948,4,2024,A,Y,0,0,0
91948,4,2024,C,Y,0,0,0
91948,4,2024,I,Y,0,0,0
91948,4,2024,R,Y,0,0,0
91950,4,2024,A,Y,0,0,0
91950,4,2024,C,Y,476,5436808,11422
91950,4,2024,I,Y,0,0,0
91950,4,2024,R,Y,2723,790812,290
91962,4,2024,A,Y,0,0,0
91962,4,2024,C,Y,0,0,0
91962,4,2024,I,Y,0,0,0
91962,4,2024,R,Y,0,0,0
91963,4,2024,A,Y,0,0,0
91963,4,2024,C,Y,0,0,0
91963,4,2024,I,Y,0,0,0
91963,4,2024,R,Y,0,0,0
91977,4,2024,A,Y,0,0,0
91977,4,2024,C,Y,0,0,0
91977,4,2024,I,Y,0,0,0
91977,4,2024,R,N,3110,525628,169
91978,4,2024,A,Y,0,0,0
91978,4,2024,C,Y,0,0,0
91978,4,2024,I,Y,0,0,0
91978,4,2024,R,N,566,110452,195
91980,4,2024,A,Y,0,0,0
91980,4,2024,C,Y,0,0,0
91980,4,2024,I,Y,0,0,0
91980,4,2024,R,Y,0,0,0
92003,4,2024,A,Y,0,0,0
92003,4,2024,C,Y,0,0,0
92003,4,2024,I,Y,0,0,0
92003,4,2024,R,N,359,54789,153
92004,4,2024,A,Y,0,0,0
92004,4,2024,C,Y,0,0,0
92004,4,2024,I,Y,0,0,0
92004,4,2024,R,Y,378,8751,23
92007,4,2024,A,Y,0,0,0
92007,4,2024,C,Y,0,0,0
92007,4,2024,I,Y,0,0,0
92007,4,2024,R,N,1127,251494,223
92008,4,2024,A,Y,0,0,0
92008,4,2024,C,Y,0,0,0
92008,4,2024,I,Y,0,0,0
92008,4,2024,R,N,4777,1151138,241
92009,4,2024,A,Y,0,0,0
92009,4,2024,C,Y,0,0,0
92009,4,2024,I,Y,0,0,0
92009,4,2024,R,N,4285,804756,188
92010,4,2024,A,Y,0,0,0
92010,4,2024,C,Y,0,0,0
92010,4,2024,I,Y,0,0,0
92010,4,2024,R,N,2369,679697,287
92011,4,2024,A,Y,0,0,0
92011,4,2024,C,N,251,1814098,7227
92011,4,2024,I,Y,0,0,0
92011,4,2024,R,N,2854,640235,224
92014,4,2024,A,Y,0,0,0
92014,4,2024,C,Y,0,0,0
92014,4,2024,I,Y,0,0,0
92014,4,2024,R,N,1837,514934,280
92019,4,2024,A,Y,0,0,0
92019,4,2024,C,Y,0,0,0
92019,4,2024,I,Y,0,0,0
92019,4,2024,R,N,7449,1470199,197
92020,4,2024,A,Y,0,0,0
92020,4,2024,C,N,2068,13021770,6297
92020,4,2024,I,Y,0,0,0
92020,4,2024,R,N,19519,5063242,259
92021,4,2024,A,Y,0,0,0
92021,4,2024,C,Y,0,0,0
92021,4,2024,I,Y,0,0,0
92021,4,2024,R,N,12660,2953748,233
92024,4,2024,A,Y,0,0,0
92024,4,2024,C,Y,0,0,0
92024,4,2024,I,Y,0,0,0
92024,4,2024,R,Y,4558,944695,207
92025,4,2024,A,Y,0,0,0
92025,4,2024,C,Y,0,0,0
92025,4,2024,I,Y,0,0,0
92025,4,2024,R,Y,2769,393757,142
92026,4,2024,A,Y,0,0,0
92026,4,2024,C,Y,95,781265,8224
92026,4,2024,I,Y,0,0,0
92026,4,2024,R,Y,3152,492948,156
92027,4,2024,A,Y,0,0,0
92027,4,2024,C,Y,0,0,0
92027,4,2024,I,Y,0,0,0
92027,4,2024,R,Y,3132,408572,130
92028,4,2024,A,Y,0,0,0
92028,4,2024,C,Y,0,0,0
92028,4,2024,I,Y,0,0,0
92028,4,2024,R,N,4189,455115,109
92029,4,2024,A,Y,0,0,0
92029,4,2024,C,Y,0,0,0
92029,4,2024,I,Y,0,0,0
92029,4,2024,R,N,1031,488315,474
92036,4,2024,A,Y,0,0,0
92036,4,2024,C,Y,0,0,0
92036,4,2024,I,Y,0,0,0
92036,4,2024,R,Y,395,117125,297
92037,4,2024,A,Y,0,0,0
92037,4,2024,C,Y,0,0,0
92037,4,2024,I,Y,0,0,0
92037,4,2024,R,Y,5354,1626912,304
92040,4,2024,A,Y,0,0,0
92040,4,2024,C,Y,0,0,0
92040,4,2024,I,Y,0,0,0
92040,4,2024,R,N,3108,1253384,403
92045,4,2024,C,Y,0,0,0
92045,4,2024,I,Y,0,0,0
92045,4,2024,R,Y,0,0,0
92049,4,2024,A,Y,0,0,0
92049,4,2024,C,Y,0,0,0
92049,4,2024,I,Y,0,0,0
92049,4,2024,R,Y,0,0,0
92054,4,2024,A,Y,0,0,0
92054,4,2024,C,Y,1340,6093026,4547
92054,4,2024,I,Y,0,0,0
92054,4,2024,R,Y,15637,2007584,128
92055,4,2024,A,Y,0,0,0
92055,4,2024,C,Y,0,0,0
92055,4,2024,I,Y,0,0,0
92055,4,2024,R,Y,0,0,0
92056,4,2024,A,Y,0,0,0
92056,4,2024,C,Y,0,0,0
92056,4,2024,I,Y,0,0,0
92056,4,2024,R,N,19937,1858060,93
92057,4,2024,A,Y,0,0,0
92057,4,2024,C,Y,0,0,0
92057,4,2024,I,Y,0,0,0
92057,4,2024,R,N,18832,2104736,112
92058,4,2024,A,Y,0,0,0
92058,4,2024,C,Y,0,0,0
92058,4,2024,I,Y,0,0,0
92058,4,2024,R,Y,6932,902217,130
92059,4,2024,A,Y,0,0,0
92059,4,2024,C,Y,0,0,0
92059,4,2024,I,Y,0,0,0
92059,4,2024,R,N,417,160941,386
92060,4,2024,A,Y,0,0,0
92060,4,2024,C,Y,0,0,0
92060,4,2024,I,Y,0,0,0
92060,4,2024,R,Y,0,0,0
92061,4,2024,A,Y,0,0,0
92061,4,2024,C,Y,0,0,0
92061,4,2024,I,Y,0,0,0
92061,4,2024,R,N,401,130521,325
92064,4,2024,A,Y,0,0,0
92064,4,2024,C,Y,0,0,0
92064,4,2024,I,Y,0,0,0
92064,4,2024,R,Y,15707,1946080,124
92065,4,2024,A,Y,0,0,0
92065,4,2024,C,Y,0,0,0
92065,4,2024,I,Y,0,0,0
92065,4,2024,R,Y,2779,484443,174
92066,4,2024,A,Y,0,0,0
92066,4,2024,C,Y,0,0,0
92066,4,2024,I,Y,0,0,0
92066,4,2024,R,Y,0,0,0
92067,4,2024,A,Y,0,0,0
92067,4,2024,C,Y,0,0,0
92067,4,2024,I,Y,0,0,0
92067,4,2024,R,N,565,380288,673
92068,4,2024,A,Y,0,0,0
92068,4,2024,C,Y,0,0,0
92068,4,2024,I,Y,0,0,0
92068,4,2024,R,Y,0,0,0
92069,4,2024,A,Y,0,0,0
92069,4,2024,C,Y,0,0,0
92069,4,2024,I,Y,0,0,0
92069,4,2024,R,Y,3118,198276,64
92070,4,2024,A,Y,0,0,0
92070,4,2024,C,Y,0,0,0
92070,4,2024,I,Y,0,0,0
92070,4,2024,R,Y,0,0,0
92071,4,2024,A,Y,0,0,0
92071,4,2024,C,Y,1364,7742307,5676
92071,4,2024,I,Y,0,0,0
92071,4,2024,R,Y,20026,4661110,233
92072,4,2024,A,Y,0,0,0
92072,4,2024,C,Y,0,0,0
92072,4,2024,I,Y,0,0,0
92072,4,2024,R,Y,0,0,0
92075,4,2024,A,Y,0,0,0
92075,4,2024,C,N,694,2486730,3583
92075,4,2024,I,Y,0,0,0
92075,4,2024,R,N,5643,1627732,288
92078,4,2024,A,Y,0,0,0
92078,4,2024,C,Y,0,0,0
92078,4,2024,I,Y,0,0,0
92078,4,2024,R,N,3436,769800,224
92079,4,2024,A,Y,0,0,0
92079,4,2024,C,Y,0,0,0
92079,4,2024,I,Y,0,0,0
92079,4,2024,R,Y,0,0,0
92081,4,2024,A,Y,0,0,0
92081,4,2024,C,Y,1308,8840795,6759
92081,4,2024,I,Y,0,0,0
92081,4,2024,R,Y,10711,1558199,145
92082,4,2024,A,Y,0,0,0
92082,4,2024,C,Y,0,0,0
92082,4,2024,I,Y,0,0,0
92082,4,2024,R,Y,1881,339406,180
92083,4,2024,A,Y,0,0,0
92083,4,2024,C,N,849,2393424,2819
92083,4,2024,I,Y,0,0,0
92083,4,2024,R,N,10694,1142672,107
92084,4,2024,A,Y,0,0,0
92084,4,2024,C,Y,803,2599739,3238
92084,4,2024,I,Y,0,0,0
92084,4,2024,R,Y,11731,1810536,154
92085,4,2024,A,Y,0,0,0
92085,4,2024,C,Y,0,0,0
92085,4,2024,I,Y,0,0,0
92085,4,2024,R,Y,0,0,0
92086,4,2024,A,Y,0,0,0
92086,4,2024,C,Y,0,0,0
92086,4,2024,I,Y,0,0,0
92086,4,2024,R,Y,119,34018,286
92091,4,2024,A,Y,0,0,0
92091,4,2024,C,Y,0,0,0
92091,4,2024,I,Y,0,0,0
92091,4,2024,R,N,161,55721,346
92092,4,2024,A,Y,0,0,0
92092,4,2024,C,Y,0,0,0
92092,4,2024,I,Y,0,0,0
92092,4,2024,R,Y,0,0,0
92093,4,2024,A,Y,0,0,0
92093,4,2024,C,Y,0,0,0
92093,4,2024,I,Y,0,0,0
92093,4,2024,R,Y,0,0,0
92096,4,2024,A,Y,0,0,0
92096,4,2024,C,Y,0,0,0
92096,4,2024,I,Y,0,0,0
92096,4,2024,R,Y,0,0,0
92101,4,2024,A,Y,0,0,0
92101,4,2024,C,Y,0,0,0
92101,4,2024,I,Y,0,0,0
92101,4,2024,R,Y,14542,4356916,300
92102,4,2024,A,Y,0,0,0
92102,4,2024,C,Y,0,0,0
92102,4,2024,I,Y,0,0,0
92102,4,2024,R,N,4173,830312,199
92103,4,2024,A,Y,0,0,0
92103,4,2024,C,Y,0,0,0
92103,4,2024,I,Y,0,0,0
92103,4,2024,R,Y,6841,1376591,201
92104,4,2024,A,Y,0,0,0
92104,4,2024,C,Y,0,0,0
92104,4,2024,I,Y,0,0,0
92104,4,2024,R,N,7888,1266106,161
92105,4,2024,A,Y,0,0,0
92105,4,2024,C,Y,0,0,0
92105,4,2024,I,Y,0,0,0
92105,4,2024,R,N,5286,1018364,193
92106,4,2024,A,Y,0,0,0
92106,4,2024,C,Y,0,0,0
92106,4,2024,I,Y,0,0,0
92106,4,2024,R,Y,1898,409756,216
92107,4,2024,A,Y,0,0,0
92107,4,2024,C,N,141,531059,3766
92107,4,2024,I,Y,0,0,0
92107,4,2024,R,N,4072,718196,176
92108,4,2024,A,Y,0,0,0
92108,4,2024,C,N,435,9560272,21978
92108,4,2024,I,Y,0,0,0
92108,4,2024,R,N,7678,2017131,263
92109,4,2024,A,Y,0,0,0
92109,4,2024,C,Y,0,0,0
92109,4,2024,I,Y,0,0,0
92109,4,2024,R,N,8585,1578253,184
92110,4,2024,A,Y,0,0,0
92110,4,2024,C,Y,0,0,0
92110,4,2024,I,Y,0,0,0
92110,4,2024,R,N,3960,926430,234
92111,4,2024,A,Y,0,0,0
92111,4,2024,C,Y,596,4626202,7762
92111,4,2024,I,Y,0,0,0
92111,4,2024,R,Y,3902,749561,192
92112,4,2024,A,Y,0,0,0
92112,4,2024,C,Y,0,0,0
92112,4,2024,I,Y,0,0,0
92112,4,2024,R,Y,0,0,0
92113,4,2024,A,Y,0,0,0
92113,4,2024,C,Y,0,0,0
92113,4,2024,I,Y,0,0,0
92113,4,2024,R,N,3006,548741,183
92114,4,2024,A,Y,0,0,0
92114,4,2024,C,Y,0,0,0
92114,4,2024,I,Y,0,0,0
92114,4,2024,R,N,3000,622365,207
92115,4,2024,A,Y,0,0,0
92115,4,2024,C,Y,531,4422961,8329
92115,4,2024,I,Y,0,0,0
92115,4,2024,R,Y,7045,727431,103
92116,4,2024,A,Y,0,0,0
92116,4,2024,C,Y,0,0,0
92116,4,2024,I,Y,0,0,0
92116,4,2024,R,N,5560,858911,154
92117,4,2024,A,Y,0,0,0
92117,4,2024,C,Y,0,0,0
92117,4,2024,I,Y,0,0,0
92117,4,2024,R,N,4971,819084,165
92118,4,2024,A,Y,0,0,0
92118,4,2024,C,Y,0,0,0
92118,4,2024,I,Y,0,0,0
92118,4,2024,R,Y,7916,3227649,408
92119,4,2024,A,Y,0,0,0
92119,4,2024,C,Y,0,0,0
92119,4,2024,I,Y,0,0,0
92119,4,2024,R,N,2181,400437,184
92120,4,2024,A,Y,0,0,0
92120,4,2024,C,Y,0,0,0
92120,4,2024,I,Y,0,0,0
92120,4,2024,R,N,3851,923015,240
92121,4,2024,A,Y,0,0,0
92121,4,2024,C,Y,0,0,0
92121,4,2024,I,Y,0,0,0
92121,4,2024,R,Y,675,485034,719
92122,4,2024,A,Y,0,0,0
92122,4,2024,C,Y,0,0,0
92122,4,2024,I,Y,0,0,0
92122,4,2024,R,N,9527,2336433,245
92123,4,2024,A,Y,0,0,0
92123,4,2024,C,Y,460,16299291,35433
92123,4,2024,I,Y,0,0,0
92123,4,2024,R,Y,4492,1589756,354
92124,4,2024,A,Y,0,0,0
92124,4,2024,C,Y,0,0,0
92124,4,2024,I,Y,0,0,0
92124,4,2024,R,N,2820,618514,219
92126,4,2024,A,Y,0,0,0
92126,4,2024,C,Y,598,3459155,5785
92126,4,2024,I,Y,0,0,0
92126,4,2024,R,Y,7653,1423594,186
92127,4,2024,A,Y,0,0,0
92127,4,2024,C,Y,0,0,0
92127,4,2024,I,Y,0,0,0
92127,4,2024,R,N,3365,1265009,376
92128,4,2024,A,Y,0,0,0
92128,4,2024,C,Y,0,0,0
92128,4,2024,I,Y,0,0,0
92128,4,2024,R,Y,5286,1342666,254
92129,4,2024,A,Y,0,0,0
92129,4,2024,C,Y,0,0,0
92129,4,2024,I,Y,0,0,0
92129,4,2024,R,N,4146,824985,199
92130,4,2024,A,Y,0,0,0
92130,4,2024,C,Y,0,0,0
92130,4,2024,I,Y,0,0,0
92130,4,2024,R,N,5959,1320289,222
92131,4,2024,A,Y,0,0,0
92131,4,2024,C,Y,0,0,0
92131,4,2024,I,Y,0,0,0
92131,4,2024,R,Y,3091,520162,168
92132,4,2024,A,Y,0,0,0
92132,4,2024,C,Y,0,0,0
92132,4,2024,I,Y,0,0,0
92132,4,2024,R,Y,0,0,0
92134,4,2024,A,Y,0,0,0
92134,4,2024,C,Y,0,0,0
92134,4,2024,I,Y,0,0,0
92134,4,2024,R,Y,0,0,0
92135,4,2024,A,Y,0,0,0
92135,4,2024,C,Y,0,0,0
92135,4,2024,I,Y,0,0,0
92135,4,2024,R,Y,0,0,0
92136,4,2024,A,Y,0,0,0
92136,4,2024,C,Y,0,0,0
92136,4,2024,I,Y,0,0,0
92136,4,2024,R,Y,0,0,0
92139,4,2024,A,Y,0,0,0
92139,4,2024,C,Y,0,0,0
92139,4,2024,I,Y,0,0,0
92139,4,2024,R,N,1823,343273,188
92145,4,2024,A,Y,0,0,0
92145,4,2024,C,Y,0,0,0
92145,4,2024,I,Y,0,0,0
92145,4,2024,R,Y,0,0,0
92152,4,2024,A,Y,0,0,0
92152,4,2024,C,Y,0,0,0
92152,4,2024,I,Y,0,0,0
92152,4,2024,R,Y,0,0,0
92154,4,2024,A,Y,0,0,0
92154,4,2024,C,Y,585,7934873,13564
92154,4,2024,I,Y,0,0,0
92154,4,2024,R,Y,4697,1180544,251
92155,4,2024,A,Y,0,0,0
92155,4,2024,C,Y,0,0,0
92155,4,2024,I,Y,0,0,0
92155,4,2024,R,Y,0,0,0
92158,4,2024,A,Y,0,0,0
92158,4,2024,C,Y,0,0,0
92158,4,2024,I,Y,0,0,0
92158,4,2024,R,Y,0,0,0
92161,4,2024,A,Y,0,0,0
92161,4,2024,C,Y,0,0,0
92161,4,2024,I,Y,0,0,0
92161,4,2024,R,Y,0,0,0
92173,4,2024,A,Y,0,0,0
92173,4,2024,C,Y,0,0,0
92173,4,2024,I,Y,0,0,0
92173,4,2024,R,N,1144,163279,143
92179,4,2024,A,Y,0,0,0
92179,4,2024,C,Y,0,0,0
92179,4,2024,I,Y,0,0,0
92179,4,2024,R,Y,0,0,0
92182,4,2024,A,Y,0,0,0
92182,4,2024,C,Y,0,0,0
92182,4,2024,I,Y,0,0,0
92182,4,2024,R,Y,0,0,0
92199,4,2024,A,Y,0,0,0
92199,4,2024,C,Y,0,0,0
92199,4,2024,I,Y,0,0,0
92199,4,2024,R,Y,0,0,0
92536,4,2024,A,Y,0,0,0
92536,4,2024,C,Y,0,0,0
92536,4,2024,I,Y,0,0,0
92536,4,2024,R,Y,0,0,0
92624,4,2024,A,Y,0,0,0
92624,4,2024,C,Y,0,0,0
92624,4,2024,I,Y,0,0,0
92624,4,2024,R,N,2874,1020896,355
92625,4,2024,A,Y,0,0,0
92629,4,2024,A,Y,0,0,0
92629,4,2024,C,Y,0,0,0
92629,4,2024,I,Y,0,0,0
92629,4,2024,R,N,13126,4547896,346
92649,4,2024,A,Y,0,0,0
92651,4,2024,A,Y,0,0,0
92651,4,2024,C,Y,0,0,0
92651,4,2024,I,Y,0,0,0
92651,4,2024,R,Y,1645,776141,472
92653,4,2024,A,Y,0,0,0
92653,4,2024,C,Y,0,0,0
92653,4,2024,I,Y,0,0,0
92653,4,2024,R,N,5751,1932713,336
92654,4,2024,A,Y,0,0,0
92654,4,2024,C,Y,0,0,0
92654,4,2024,I,Y,0,0,0
92654,4,2024,R,Y,0,0,0
92656,4,2024,A,Y,0,0,0
92656,4,2024,C,Y,0,0,0
92656,4,2024,I,Y,0,0,0
92656,4,2024,R,N,2349,634613,270
92672,4,2024,A,Y,0,0,0
92672,4,2024,C,Y,0,0,0
92672,4,2024,I,Y,0,0,0
92672,4,2024,R,Y,15465,4574392,296
92673,4,2024,A,Y,0,0,0
92673,4,2024,C,N,765,5351477,6995
92673,4,2024,I,Y,0,0,0
92673,4,2024,R,N,10205,2873644,282
92674,4,2024,A,Y,0,0,0
92674,4,2024,C,Y,0,0,0
92674,4,2024,I,Y,0,0,0
92674,4,2024,R,Y,0,0,0
92675,4,2024,A,Y,0,0,0
92675,4,2024,C,Y,1311,7167356,5467
92675,4,2024,I,Y,0,0,0
92675,4,2024,R,Y,11901,4198951,353
92676,4,2024,A,Y,0,0,0
92676,4,2024,C,Y,0,0,0
92676,4,2024,I,Y,0,0,0
92676,4,2024,R,Y,0,0,0
92677,4,2024,A,Y,0,0,0
92677,4,2024,C,Y,1694,11841589,6990
92677,4,2024,I,Y,0,0,0
92677,4,2024,R,Y,22991,6742539,293
92679,4,2024,A,Y,0,0,0
92679,4,2024,C,Y,0,0,0
92679,4,2024,I,Y,0,0,0
92679,4,2024,R,N,3213,969485,302
92688,4,2024,A,Y,0,0,0
92688,4,2024,C,Y,0,0,0
92688,4,2024,I,Y,0,0,0
92688,4,2024,R,N,1978,397685,201
92690,4,2024,A,Y,0,0,0
92690,4,2024,C,Y,0,0,0
92690,4,2024,I,Y,0,0,0
92690,4,2024,R,Y,0,0,0
92691,4,2024,A,Y,0,0,0
92691,4,2024,C,Y,0,0,0
92691,4,2024,I,Y,0,0,0
92691,4,2024,R,Y,3913,1068707,273
92692,4,2024,A,Y,0,0,0
92692,4,2024,C,Y,0,0,0
92692,4,2024,I,Y,0,0,0
92692,4,2024,R,N,6313,1639478,260
92693,4,2024,A,Y,0,0,0
92693,4,2024,C,Y,0,0,0
92693,4,2024,I,Y,0,0,0
92693,4,2024,R,Y,0,0,0
92694,4,2024,A,Y,0,0,0
92694,4,2024,C,Y,0,0,0
92694,4,2024,I,Y,0,0,0
92694,4,2024,R,N,12792,3634712,284
91901,5,2024,A,Y,0,0,0
91901,5,2024,C,Y,0,0,0
91901,5,2024,I,Y,0,0,0
91901,5,2024,R,Y,2554,297250,116
91902,5,2024,A,Y,0,0,0
91902,5,2024,C,Y,0,0,0
91902,5,2024,I,Y,0,0,0
91902,5,2024,R,N,919,196488,214
91905,5,2024,A,Y,0,0,0
91905,5,2024,C,Y,0,0,0
91905,5,2024,I,Y,0,0,0
91905,5,2024,R,Y,0,0,0
91906,5,2024,A,Y,0,0,0
91906,5,2024,C,Y,0,0,0
91906,5,2024,I,Y,0,0,0
91906,5,2024,R,Y,547,-20877,-38
91910,5,2024,A,Y,0,0,0
91910,5,2024,C,Y,480,5874851,12239
91910,5,2024,I,Y,0,0,0
91910,5,2024,R,Y,6394,1310786,205
91911,5,2024,A,Y,0,0,0
91911,5,2024,C,Y,642,5660628,8817
91911,5,2024,I,Y,0,0,0
91911,5,2024,R,Y,5352,1166959,218
91912,5,2024,A,Y,0,0,0
91912,5,2024,C,Y,0,0,0
91912,5,2024,I,Y,0,0,0
91912,5,2024,R,Y,0,0,0
91913,5,2024,A,Y,0,0,0
91913,5,2024,C,Y,0,0,0
91913,5,2024,I,Y,0,0,0
91913,5,2024,R,N,5490,1186866,216
91914,5,2024,A,Y,0,0,0
91914,5,2024,C,Y,0,0,0
91914,5,2024,I,Y,0,0,0
91914,5,2024,R,N,755,77115,102
91915,5,2024,A,Y,0,0,0
91915,5,2024,C,Y,0,0,0
91915,5,2024,I,Y,0,0,0
91915,5,2024,R,N,3347,787846,235
91916,5,2024,A,Y,0,0,0
91916,5,2024,C,Y,0,0,0
91916,5,2024,I,Y,0,0,0
91916,5,2024,R,Y,0,0,0
91917,5,2024,A,Y,0,0,0
91917,5,2024,C,Y,0,0,0
91917,5,2024,I,Y,0,0,0
91917,5,2024,R,Y,0,0,0
91931,5,2024,A,Y,0,0,0
91931,5,2024,C,Y,0,0,0
91931,5,2024,I,Y,0,0,0
91931,5,2024,R,Y,0,0,0
91932,5,2024,A,Y,0,0,0
91932,5,2024,C,Y,0,0,0
91932,5,2024,I,Y,0,0,0
91932,5,2024,R,N,3429,661047,193
91934,5,2024,A,Y,0,0,0
91934,5,2024,C,Y,0,0,0
91934,5,2024,I,Y,0,0,0
91934,5,2024,R,Y,0,0,0
91935,5,2024,A,Y,0,0,0
91935,5,2024,C,Y,0,0,0
91935,5,2024,I,Y,0,0,0
91935,5,2024,R,N,597,14894,25
91941,5,2024,A,Y,0,0,0
91941,5,2024,C,Y,0,0,0
91941,5,2024,I,Y,0,0,0
91941,5,2024,R,N,3070,434618,142
91942,5,2024,A,Y,0,0,0
91942,5,2024,C,N,494,4806894,9731
91942,5,2024,I,Y,0,0,0
91942,5,2024,R,N,5896,1261698,214
91945,5,2024,A,Y,0,0,0
91945,5,2024,C,N,590,2788623,4726
91945,5,2024,I,Y,0,0,0
91945,5,2024,R,N,9114,1669601,183
91948,5,2024,A,Y,0,0,0
91948,5,2024,C,Y,0,0,0
91948,5,2024,I,Y,0,0,0
91948,5,2024,R,Y,0,0,0
91950,5,2024,A,Y,0,0,0
91950,5,2024,C,Y,487,5597087,11493
91950,5,2024,I,Y,0,0,0
91950,5,2024,R,Y,2885,820488,284
91962,5,2024,A,Y,0,0,0
91962,5,2024,C,Y,0,0,0
91962,5,2024,I,Y,0,0,0
91962,5,2024,R,Y,0,0,0
91963,5,2024,A,Y,0,0,0
91963,5,2024,C,Y,0,0,0
91963,5,2024,I,Y,0,0,0
91963,5,2024,R,Y,0,0,0
91977,5,2024,A,Y,0,0,0
91977,5,2024,C,Y,0,0,0
91977,5,2024,I,Y,0,0,0
91977,5,2024,R,N,3275,507322,155
91978,5,2024,A,Y,0,0,0
91978,5,2024,C,Y,0,0,0
91978,5,2024,I,Y,0,0,0
91978,5,2024,R,N,576,107853,187
91980,5,2024,A,Y,0,0,0
91980,5,2024,C,Y,0,0,0
91980,5,2024,I,Y,0,0,0
91980,5,2024,R,Y,0,0,0
92003,5,2024,A,Y,0,0,0
92003,5,2024,C,Y,0,0,0
92003,5,2024,I,Y,0,0,0
92003,5,2024,R,N,363,47597,131
92004,5,2024,A,Y,0,0,0
92004,5,2024,C,Y,0,0,0
92004,5,2024,I,Y,0,0,0
92004,5,2024,R,Y,400,53103,133
92007,5,2024,A,Y,0,0,0
92007,5,2024,C,Y,0,0,0
92007,5,2024,I,Y,0,0,0
92007,5,2024,R,N,1164,268210,230
92008,5,2024,A,Y,0,0,0
92008,5,2024,C,Y,0,0,0
92008,5,2024,I,Y,0,0,0
92008,5,2024,R,N,4907,1218072,248
92009,5,2024,A,Y,0,0,0
92009,5,2024,C,N,190,1344898,7078
92009,5,2024,I,Y,0,0,0
92009,5,2024,R,N,4366,982811,225
92010,5,2024,A,Y,0,0,0
92010,5,2024,C,Y,0,0,0
92010,5,2024,I,Y,0,0,0
92010,5,2024,R,N,2417,742021,307
92011,5,2024,A,Y,0,0,0
92011,5,2024,C,N,251,1873417,7464
92011,5,2024,I,Y,0,0,0
92011,5,2024,R,N,2907,725598,250
92014,5,2024,A,Y,0,0,0
92014,5,2024,C,Y,0,0,0
92014,5,2024,I,Y,0,0,0
92014,5,2024,R,N,1889,569763,302
92019,5,2024,A,Y,0,0,0
92019,5,2024,C,Y,0,0,0
92019,5,2024,I,Y,0,0,0
92019,5,2024,R,N,7529,1359897,181
92020,5,2024,A,Y,0,0,0
92020,5,2024,C,N,2057,13702259,6661
92020,5,2024,I,Y,0,0,0
92020,5,2024,R,N,19565,4836151,247
92021,5,2024,A,Y,0,0,0
92021,5,2024,C,Y,0,0,0
92021,5,2024,I,Y,0,0,0
92021,5,2024,R,N,12774,2913862,228
92024,5,2024,A,Y,0,0,0
92024,5,2024,C,Y,0,0,0
92024,5,2024,I,Y,0,0,0
92024,5,2024,R,Y,4676,1058542,226
92025,5,2024,A,Y,0,0,0
92025,5,2024,C,Y,391,4043561,10342
92025,5,2024,I,Y,0,0,0
92025,5,2024,R,Y,2898,395375,136
92026,5,2024,A,Y,0,0,0
92026,5,2024,C,N,93,921821,9912
92026,5,2024,I,Y,0,0,0
92026,5,2024,R,N,3285,448627,137
92027,5,2024,A,Y,0,0,0
92027,5,2024,C,Y,0,0,0
92027,5,2024,I,Y,0,0,0
92027,5,2024,R,Y,3241,404400,125
92028,5,2024,A,Y,0,0,0
92028,5,2024,C,Y,0,0,0
92028,5,2024,I,Y,0,0,0
92028,5,2024,R,N,4304,387295,90
92029,5,2024,A,Y,0,0,0
92029,5,2024,C,Y,0,0,0
92029,5,2024,I,Y,0,0,0
92029,5,2024,R,N,1194,650318,545
92036,5,2024,A,Y,0,0,0
92036,5,2024,C,Y,0,0,0
92036,5,2024,I,Y,0,0,0
92036,5,2024,R,Y,401,76439,191
92037,5,2024,A,Y,0,0,0
92037,5,2024,C,Y,0,0,0
92037,5,2024,I,Y,0,0,0
92037,5,2024,R,Y,5450,1706150,313
92040,5,2024,A,Y,0,0,0
92040,5,2024,C,Y,0,0,0
92040,5,2024,I,Y,0,0,0
92040,5,2024,R,N,3186,769154,241
92045,5,2024,C,Y,0,0,0
92045,5,2024,I,Y,0,0,0
92045,5,2024,R,Y,0,0,0
92049,5,2024,A,Y,0,0,0
92049,5,2024,C,Y,0,0,0
92049,5,2024,I,Y,0,0,0
92049,5,2024,R,Y,0,0,0
92054,5,2024,A,Y,0,0,0
92054,5,2024,C,Y,743,5703537,7676
92054,5,2024,I,Y,0,0,0
92054,5,2024,R,Y,7490,1357533,181
92055,5,2024,A,Y,0,0,0
92055,5,2024,C,Y,0,0,0
92055,5,2024,I,Y,0,0,0
92055,5,2024,R,Y,0,0,0
92056,5,2024,A,Y,0,0,0
92056,5,2024,C,Y,0,0,0
92056,5,2024,I,Y,0,0,0
92056,5,2024,R,N,13018,2112615,162
92057,5,2024,A,Y,0,0,0
92057,5,2024,C,Y,0,0,0
92057,5,2024,I,Y,0,0,0
92057,5,2024,R,Y,9515,789536,83
92058,5,2024,A,Y,0,0,0
92058,5,2024,C,Y,0,0,0
92058,5,2024,I,Y,0,0,0
92058,5,2024,R,Y,5467,1562450,286
92059,5,2024,A,Y,0,0,0
92059,5,2024,C,Y,0,0,0
92059,5,2024,I,Y,0,0,0
92059,5,2024,R,N,419,157564,376
92060,5,2024,A,Y,0,0,0
92060,5,2024,C,Y,0,0,0
92060,5,2024,I,Y,0,0,0
92060,5,2024,R,Y,0,0,0
92061,5,2024,A,Y,0,0,0
92061,5,2024,C,Y,0,0,0
92061,5,2024,I,Y,0,0,0
92061,5,2024,R,N,406,93963,231
92064,5,2024,A,Y,0,0,0
92064,5,2024,C,Y,0,0,0
92064,5,2024,I,Y,0,0,0
92064,5,2024,R,Y,15756,1618438,103
92065,5,2024,A,Y,0,0,0
92065,5,2024,C,Y,0,0,0
92065,5,2024,I,Y,0,0,0
92065,5,2024,R,Y,2837,253750,89
92066,5,2024,A,Y,0,0,0
92066,5,2024,C,Y,0,0,0
92066,5,2024,I,Y,0,0,0
92066,5,2024,R,Y,0,0,0
92067,5,2024,A,Y,0,0,0
92067,5,2024,C,N,79,576655,7299
92067,5,2024,I,Y,0,0,0
92067,5,2024,R,N,585,432223,739
92068,5,2024,A,Y,0,0,0
92068,5,2024,C,Y,0,0,0
92068,5,2024,I,Y,0,0,0
92068,5,2024,R,Y,0,0,0
92069,5,2024,A,Y,0,0,0
92069,5,2024,C,Y,0,0,0
92069,5,2024,I,Y,0,0,0
92069,5,2024,R,Y,3240,234739,72
92070,5,2024,A,Y,0,0,0
92070,5,2024,C,Y,0,0,0
92070,5,2024,I,Y,0,0,0
92070,5,2024,R,Y,0,0,0
92071,5,2024,A,Y,0,0,0
92071,5,2024,C,Y,1368,7688735,5620
92071,5,2024,I,Y,0,0,0
92071,5,2024,R,Y,20126,3736835,186
92072,5,2024,A,Y,0,0,0
92072,5,2024,C,Y,0,0,0
92072,5,2024,I,Y,0,0,0
92072,5,2024,R,Y,0,0,0
92075,5,2024,A,Y,0,0,0
92075,5,2024,C,N,698,2571983,3685
92075,5,2024,I,Y,0,0,0
92075,5,2024,R,N,5663,1709067,302
92078,5,2024,A,Y,0,0,0
92078,5,2024,C,Y,0,0,0
92078,5,2024,I,Y,0,0,0
92078,5,2024,R,N,3578,666057,186
92079,5,2024,A,Y,0,0,0
92079,5,2024,C,Y,0,0,0
92079,5,2024,I,Y,0,0,0
92079,5,2024,R,Y,0,0,0
92081,5,2024,A,Y,0,0,0
92081,5,2024,C,Y,638,5992163,9392
92081,5,2024,I,Y,0,0,0
92081,5,2024,R,Y,5530,1058005,191
92082,5,2024,A,Y,0,0,0
92082,5,2024,C,Y,0,0,0
92082,5,2024,I,Y,0,0,0
92082,5,2024,R,Y,1902,214075,113
92083,5,2024,A,Y,0,0,0
92083,5,2024,C,Y,0,0,0
92083,5,2024,I,Y,0,0,0
92083,5,2024,R,N,6688,1336883,200
92084,5,2024,A,Y,0,0,0
92084,5,2024,C,Y,351,1479793,4216
92084,5,2024,I,Y,0,0,0
92084,5,2024,R,Y,4833,343437,71
92085,5,2024,A,Y,0,0,0
92085,5,2024,C,Y,0,0,0
92085,5,2024,I,Y,0,0,0
92085,5,2024,R,Y,0,0,0
92086,5,2024,A,Y,0,0,0
92086,5,2024,C,Y,0,0,0
92086,5,2024,I,Y,0,0,0
92086,5,2024,R,Y,120,16072,134
92091,5,2024,A,Y,0,0,0
92091,5,2024,C,Y,0,0,0
92091,5,2024,I,Y,0,0,0
92091,5,2024,R,N,171,72839,426
92092,5,2024,A,Y,0,0,0
92092,5,2024,C,Y,0,0,0
92092,5,2024,I,Y,0,0,0
92092,5,2024,R,Y,0,0,0
92093,5,2024,A,Y,0,0,0
92093,5,2024,C,Y,0,0,0
92093,5,2024,I,Y,0,0,0
92093,5,2024,R,Y,0,0,0
92096,5,2024,A,Y,0,0,0
92096,5,2024,C,Y,0,0,0
92096,5,2024,I,Y,0,0,0
92096,5,2024,R,Y,0,0,0
92101,5,2024,A,Y,0,0,0
92101,5,2024,C,Y,0,0,0
92101,5,2024,I,Y,0,0,0
92101,5,2024,R,Y,14894,4674691,314
92102,5,2024,A,Y,0,0,0
92102,5,2024,C,N,192,1372231,7147
92102,5,2024,I,Y,0,0,0
92102,5,2024,R,N,4304,853176,198
92103,5,2024,A,Y,0,0,0
92103,5,2024,C,Y,0,0,0
92103,5,2024,I,Y,0,0,0
92103,5,2024,R,Y,7104,1430075,201
92104,5,2024,A,Y,0,0,0
92104,5,2024,C,Y,0,0,0
92104,5,2024,I,Y,0,0,0
92104,5,2024,R,N,8114,1284476,158
92105,5,2024,A,Y,0,0,0
92105,5,2024,C,Y,0,0,0
92105,5,2024,I,Y,0,0,0
92105,5,2024,R,N,5442,1031264,190
92106,5,2024,A,Y,0,0,0
92106,5,2024,C,Y,0,0,0
92106,5,2024,I,Y,0,0,0
92106,5,2024,R,Y,1964,437238,223
92107,5,2024,A,Y,0,0,0
92107,5,2024,C,Y,0,0,0
92107,5,2024,I,Y,0,0,0
92107,5,2024,R,N,4187,740644,177
92108,5,2024,A,Y,0,0,0
92108,5,2024,C,N,435,9631222,22141
92108,5,2024,I,Y,0,0,0
92108,5,2024,R,N,7930,2139017,270
92109,5,2024,A,Y,0,0,0
92109,5,2024,C,Y,0,0,0
92109,5,2024,I,Y,0,0,0
92109,5,2024,R,N,8817,1642103,186
92110,5,2024,A,Y,0,0,0
92110,5,2024,C,Y,0,0,0
92110,5,2024,I,Y,0,0,0
92110,5,2024,R,N,4130,968596,235
92111,5,2024,A,Y,0,0,0
92111,5,2024,C,Y,614,4752173,7740
92111,5,2024,I,Y,0,0,0
92111,5,2024,R,Y,4057,796945,196
92112,5,2024,A,Y,0,0,0
92112,5,2024,C,Y,0,0,0
92112,5,2024,I,Y,0,0,0
92112,5,2024,R,Y,0,0,0
92113,5,2024,A,Y,0,0,0
92113,5,2024,C,Y,0,0,0
92113,5,2024,I,Y,0,0,0
92113,5,2024,R,N,3097,557176,180
92114,5,2024,A,Y,0,0,0
92114,5,2024,C,Y,0,0,0
92114,5,2024,I,Y,0,0,0
92114,5,2024,R,N,3089,611543,198
92115,5,2024,A,Y,0,0,0
92115,5,2024,C,Y,544,4651411,8550
92115,5,2024,I,Y,0,0,0
92115,5,2024,R,Y,7301,882556,121
92116,5,2024,A,Y,0,0,0
92116,5,2024,C,Y,0,0,0
92116,5,2024,I,Y,0,0,0
92116,5,2024,R,N,5759,892866,155
92117,5,2024,A,Y,0,0,0
92117,5,2024,C,Y,0,0,0
92117,5,2024,I,Y,0,0,0
92117,5,2024,R,N,5110,878923,172
92118,5,2024,A,Y,0,0,0
92118,5,2024,C,Y,0,0,0
92118,5,2024,I,Y,0,0,0
92118,5,2024,R,Y,7935,3009943,379
92119,5,2024,A,Y,0,0,0
92119,5,2024,C,Y,0,0,0
92119,5,2024,I,Y,0,0,0
92119,5,2024,R,N,2251,376955,167
92120,5,2024,A,Y,0,0,0
92120,5,2024,C,Y,0,0,0
92120,5,2024,I,Y,0,0,0
92120,5,2024,R,N,4026,949057,236
92121,5,2024,A,Y,0,0,0
92121,5,2024,C,Y,0,0,0
92121,5,2024,I,Y,0,0,0
92121,5,2024,R,Y,702,488571,696
92122,5,2024,A,Y,0,0,0
92122,5,2024,C,Y,0,0,0
92122,5,2024,I,Y,0,0,0
92122,5,2024,R,N,9812,2349497,239
92123,5,2024,A,Y,0,0,0
92123,5,2024,C,Y,471,18062178,38349
92123,5,2024,I,Y,0,0,0
92123,5,2024,R,Y,4561,1579983,346
92124,5,2024,A,Y,0,0,0
92124,5,2024,C,Y,0,0,0
92124,5,2024,I,Y,0,0,0
92124,5,2024,R,N,2870,653331,228
92126,5,2024,A,Y,0,0,0
92126,5,2024,C,Y,605,3573172,5906
92126,5,2024,I,Y,0,0,0
92126,5,2024,R,Y,7895,1498948,190
92127,5,2024,A,Y,0,0,0
92127,5,2024,C,Y,0,0,0
92127,5,2024,I,Y,0,0,0
92127,5,2024,R,N,3459,1327569,384
92128,5,2024,A,Y,0,0,0
92128,5,2024,C,Y,0,0,0
92128,5,2024,I,Y,0,0,0
92128,5,2024,R,Y,5433,1375863,253
92129,5,2024,A,Y,0,0,0
92129,5,2024,C,Y,0,0,0
92129,5,2024,I,Y,0,0,0
92129,5,2024,R,N,4249,858184,202
92130,5,2024,A,Y,0,0,0
92130,5,2024,C,Y,0,0,0
92130,5,2024,I,Y,0,0,0
92130,5,2024,R,N,6143,1481811,241
92131,5,2024,A,Y,0,0,0
92131,5,2024,C,Y,0,0,0
92131,5,2024,I,Y,0,0,0
92131,5,2024,R,Y,3172,519884,164
92132,5,2024,A,Y,0,0,0
92132,5,2024,C,Y,0,0,0
92132,5,2024,I,Y,0,0,0
92132,5,2024,R,Y,0,0,0
92134,5,2024,A,Y,0,0,0
92134,5,2024,C,Y,0,0,0
92134,5,2024,I,Y,0,0,0
92134,5,2024,R,Y,0,0,0
92135,5,2024,A,Y,0,0,0
92135,5,2024,C,Y,0,0,0
92135,5,2024,I,Y,0,0,0
92135,5,2024,R,Y,0,0,0
92136,5,2024,A,Y,0,0,0
92136,5,2024,C,Y,0,0,0
92136,5,2024,I,Y,0,0,0
92136,5,2024,R,Y,0,0,0
92139,5,2024,A,Y,0,0,0
92139,5,2024,C,Y,0,0,0
92139,5,2024,I,Y,0,0,0
92139,5,2024,R,N,1881,347451,185
92145,5,2024,A,Y,0,0,0
92145,5,2024,C,Y,0,0,0
92145,5,2024,I,Y,0,0,0
92145,5,2024,R,Y,0,0,0
92152,5,2024,A,Y,0,0,0
92152,5,2024,C,Y,0,0,0
92152,5,2024,I,Y,0,0,0
92152,5,2024,R,Y,0,0,0
92154,5,2024,A,Y,0,0,0
92154,5,2024,C,Y,587,8232538,14025
92154,5,2024,I,Y,0,0,0
92154,5,2024,R,Y,4869,1263367,259
92155,5,2024,A,Y,0,0,0
92155,5,2024,C,Y,0,0,0
92155,5,2024,I,Y,0,0,0
92155,5,2024,R,Y,0,0,0
92158,5,2024,A,Y,0,0,0
92158,5,2024,C,Y,0,0,0
92158,5,2024,I,Y,0,0,0
92158,5,2024,R,Y,0,0,0
92161,5,2024,A,Y,0,0,0
92161,5,2024,C,Y,0,0,0
92161,5,2024,I,Y,0,0,0
92161,5,2024,R,Y,0,0,0
92173,5,2024,A,Y,0,0,0
92173,5,2024,C,Y,0,0,0
92173,5,2024,I,Y,0,0,0
92173,5,2024,R,N,1163,168027,144
92179,5,2024,A,Y,0,0,0
92179,5,2024,C,Y,0,0,0
92179,5,2024,I,Y,0,0,0
92179,5,2024,R,Y,0,0,0
92182,5,2024,A,Y,0,0,0
92182,5,2024,C,Y,0,0,0
92182,5,2024,I,Y,0,0,0
92182,5,2024,R,Y,0,0,0
92199,5,2024,A,Y,0,0,0
92199,5,2024,C,Y,0,0,0
92199,5,2024,I,Y,0,0,0
92199,5,2024,R,Y,0,0,0
92536,5,2024,A,Y,0,0,0
92536,5,2024,C,Y,0,0,0
92536,5,2024,I,Y,0,0,0
92536,5,2024,R,Y,0,0,0
92624,5,2024,A,Y,0,0,0
92624,5,2024,C,Y,0,0,0
92624,5,2024,I,Y,0,0,0
92624,5,2024,R,N,2879,1023655,356
92625,5,2024,A,Y,0,0,0
92629,5,2024,A,Y,0,0,0
92629,5,2024,C,Y,0,0,0
92629,5,2024,I,Y,0,0,0
92629,5,2024,R,N,13112,4527675,345
92649,5,2024,A,Y,0,0,0
92651,5,2024,A,Y,0,0,0
92651,5,2024,C,Y,0,0,0
92651,5,2024,I,Y,0,0,0
92651,5,2024,R,Y,1638,765420,467
92653,5,2024,A,Y,0,0,0
92653,5,2024,C,Y,0,0,0
92653,5,2024,I,Y,0,0,0
92653,5,2024,R,N,5769,2029005,352
92654,5,2024,A,Y,0,0,0
92654,5,2024,C,Y,0,0,0
92654,5,2024,I,Y,0,0,0
92654,5,2024,R,Y,0,0,0
92656,5,2024,A,Y,0,0,0
92656,5,2024,C,Y,0,0,0
92656,5,2024,I,Y,0,0,0
92656,5,2024,R,N,2353,639892,272
92672,5,2024,A,Y,0,0,0
92672,5,2024,C,Y,0,0,0
92672,5,2024,I,Y,0,0,0
92672,5,2024,R,Y,15502,4655658,300
92673,5,2024,A,Y,0,0,0
92673,5,2024,C,N,767,5603627,7306
92673,5,2024,I,Y,0,0,0
92673,5,2024,R,N,10213,3203309,314
92674,5,2024,A,Y,0,0,0
92674,5,2024,C,Y,0,0,0
92674,5,2024,I,Y,0,0,0
92674,5,2024,R,Y,0,0,0
92675,5,2024,A,Y,0,0,0
92675,5,2024,C,Y,1311,7562826,5769
92675,5,2024,I,Y,0,0,0
92675,5,2024,R,Y,11953,4423638,370
92676,5,2024,A,Y,0,0,0
92676,5,2024,C,Y,0,0,0
92676,5,2024,I,Y,0,0,0
92676,5,2024,R,Y,0,0,0
92677,5,2024,A,Y,0,0,0
92677,5,2024,C,Y,1702,11836336,6954
92677,5,2024,I,Y,0,0,0
92677,5,2024,R,Y,23053,7461892,324
92679,5,2024,A,Y,0,0,0
92679,5,2024,C,Y,0,0,0
92679,5,2024,I,Y,0,0,0
92679,5,2024,R,N,3211,1058943,330
92688,5,2024,A,Y,0,0,0
92688,5,2024,C,Y,0,0,0
92688,5,2024,I,Y,0,0,0
92688,5,2024,R,N,1981,415639,210
92690,5,2024,A,Y,0,0,0
92690,5,2024,C,Y,0,0,0
92690,5,2024,I,Y,0,0,0
92690,5,2024,R,Y,0,0,0
92691,5,2024,A,Y,0,0,0
92691,5,2024,C,Y,0,0,0
92691,5,2024,I,Y,0,0,0
92691,5,2024,R,Y,3920,1100751,281
92692,5,2024,A,Y,0,0,0
92692,5,2024,C,Y,0,0,0
92692,5,2024,I,Y,0,0,0
92692,5,2024,R,N,6316,1708848,271
92693,5,2024,A,Y,0,0,0
92693,5,2024,C,Y,0,0,0
92693,5,2024,I,Y,0,0,0
92693,5,2024,R,Y,0,0,0
92694,5,2024,A,Y,0,0,0
92694,5,2024,C,Y,0,0,0
92694,5,2024,I,Y,0,0,0
92694,5,2024,R,N,12880,3920240,304
91901,6,2024,A,Y,0,0,0
91901,6,2024,C,Y,0,0,0
91901,6,2024,I,Y,0,0,0
91901,6,2024,R,Y,2615,798470,305
91902,6,2024,A,Y,0,0,0
91902,6,2024,C,Y,0,0,0
91902,6,2024,I,Y,0,0,0
91902,6,2024,R,N,957,268684,281
91905,6,2024,A,Y,0,0,0
91905,6,2024,C,Y,0,0,0
91905,6,2024,I,Y,0,0,0
91905,6,2024,R,Y,0,0,0
91906,6,2024,A,Y,0,0,0
91906,6,2024,C,Y,90,343363,3815
91906,6,2024,I,Y,0,0,0
91906,6,2024,R,Y,555,197743,356
91910,6,2024,A,Y,0,0,0
91910,6,2024,C,Y,492,5981946,12158
91910,6,2024,I,Y,0,0,0
91910,6,2024,R,Y,6544,1540574,235
91911,6,2024,A,Y,0,0,0
91911,6,2024,C,Y,653,5610650,8592
91911,6,2024,I,Y,0,0,0
91911,6,2024,R,Y,5532,1322704,239
91912,6,2024,A,Y,0,0,0
91912,6,2024,C,Y,0,0,0
91912,6,2024,I,Y,0,0,0
91912,6,2024,R,Y,0,0,0
91913,6,2024,A,Y,0,0,0
91913,6,2024,C,Y,0,0,0
91913,6,2024,I,Y,0,0,0
91913,6,2024,R,N,5662,1628389,288
91914,6,2024,A,Y,0,0,0
91914,6,2024,C,Y,0,0,0
91914,6,2024,I,Y,0,0,0
91914,6,2024,R,N,790,172408,218
91915,6,2024,A,Y,0,0,0
91915,6,2024,C,Y,0,0,0
91915,6,2024,I,Y,0,0,0
91915,6,2024,R,Y,3446,1075323,312
91916,6,2024,A,Y,0,0,0
91916,6,2024,C,Y,0,0,0
91916,6,2024,I,Y,0,0,0
91916,6,2024,R,Y,0,0,0
91917,6,2024,A,Y,0,0,0
91917,6,2024,C,Y,0,0,0
91917,6,2024,I,Y,0,0,0
91917,6,2024,R,Y,0,0,0
91931,6,2024,A,Y,0,0,0
91931,6,2024,C,Y,0,0,0
91931,6,2024,I,Y,0,0,0
91931,6,2024,R,Y,0,0,0
91932,6,2024,A,Y,0,0,0
91932,6,2024,C,Y,0,0,0
91932,6,2024,I,Y,0,0,0
91932,6,2024,R,N,3512,759401,216
91934,6,2024,A,Y,0,0,0
91934,6,2024,C,Y,0,0,0
91934,6,2024,I,Y,0,0,0
91934,6,2024,R,Y,0,0,0
91935,6,2024,A,Y,0,0,0
91935,6,2024,C,Y,0,0,0
91935,6,2024,I,Y,0,0,0
91935,6,2024,R,N,609,96312,158
91941,6,2024,A,Y,0,0,0
91941,6,2024,C,Y,0,0,0
91941,6,2024,I,Y,0,0,0
91941,6,2024,R,N,3175,721083,227
91942,6,2024,A,Y,0,0,0
91942,6,2024,C,N,506,4799788,9486
91942,6,2024,I,Y,0,0,0
91942,6,2024,R,N,6045,1685207,279
91945,6,2024,A,Y,0,0,0
91945,6,2024,C,N,587,2930543,4992
91945,6,2024,I,Y,0,0,0
91945,6,2024,R,N,9136,2219212,243
91948,6,2024,A,Y,0,0,0
91948,6,2024,C,Y,0,0,0
91948,6,2024,I,Y,0,0,0
91948,6,2024,R,Y,0,0,0
91950,6,2024,A,Y,0,0,0
91950,6,2024,C,Y,496,5752947,11599
91950,6,2024,I,Y,0,0,0
91950,6,2024,R,Y,2996,915842,306
91962,6,2024,A,Y,0,0,0
91962,6,2024,C,Y,0,0,0
91962,6,2024,I,Y,0,0,0
91962,6,2024,R,Y,0,0,0
91963,6,2024,A,Y,0,0,0
91963,6,2024,C,Y,0,0,0
91963,6,2024,I,Y,0,0,0
91963,6,2024,R,Y,0,0,0
91977,6,2024,A,Y,0,0,0
91977,6,2024,C,Y,0,0,0
91977,6,2024,I,Y,0,0,0
91977,6,2024,R,N,3421,792703,232
91978,6,2024,A,Y,0,0,0
91978,6,2024,C,Y,0,0,0
91978,6,2024,I,Y,0,0,0
91978,6,2024,R,N,607,159167,262
91980,6,2024,A,Y,0,0,0
91980,6,2024,C,Y,0,0,0
91980,6,2024,I,Y,0,0,0
91980,6,2024,R,Y,0,0,0
92003,6,2024,A,Y,0,0,0
92003,6,2024,C,Y,0,0,0
92003,6,2024,I,Y,0,0,0
92003,6,2024,R,N,387,59890,155
92004,6,2024,A,Y,0,0,0
92004,6,2024,C,Y,0,0,0
92004,6,2024,I,Y,0,0,0
92004,6,2024,R,Y,407,212726,523
92007,6,2024,A,Y,0,0,0
92007,6,2024,C,Y,0,0,0
92007,6,2024,I,Y,0,0,0
92007,6,2024,R,N,1199,286608,239
92008,6,2024,A,Y,0,0,0
92008,6,2024,C,Y,0,0,0
92008,6,2024,I,Y,0,0,0
92008,6,2024,R,N,4997,1342348,269
92009,6,2024,A,Y,0,0,0
92009,6,2024,C,Y,0,0,0
92009,6,2024,I,Y,0,0,0
92009,6,2024,R,N,4470,1174549,263
92010,6,2024,A,Y,0,0,0
92010,6,2024,C,Y,0,0,0
92010,6,2024,I,Y,0,0,0
92010,6,2024,R,N,2460,905045,368
92011,6,2024,A,Y,0,0,0
92011,6,2024,C,N,257,1928371,7503
92011,6,2024,I,Y,0,0,0
92011,6,2024,R,N,2972,814140,274
92014,6,2024,A,Y,0,0,0
92014,6,2024,C,Y,0,0,0
92014,6,2024,I,Y,0,0,0
92014,6,2024,R,N,1935,603236,312
92019,6,2024,A,Y,0,0,0
92019,6,2024,C,Y,0,0,0
92019,6,2024,I,Y,0,0,0
92019,6,2024,R,N,7588,2575364,339
92020,6,2024,A,Y,0,0,0
92020,6,2024,C,N,2047,14615809,7140
92020,6,2024,I,Y,0,0,0
92020,6,2024,R,N,19588,6838002,349
92021,6,2024,A,Y,0,0,0
92021,6,2024,C,N,888,6362113,7165
92021,6,2024,I,Y,0,0,0
92021,6,2024,R,N,13031,4678368,359
92024,6,2024,A,Y,0,0,0
92024,6,2024,C,Y,0,0,0
92024,6,2024,I,Y,0,0,0
92024,6,2024,R,Y,4785,1144814,239
92025,6,2024,A,Y,0,0,0
92025,6,2024,C,Y,406,4352146,10720
92025,6,2024,I,Y,0,0,0
92025,6,2024,R,Y,3073,713762,232
92026,6,2024,A,Y,0,0,0
92026,6,2024,C,N,95,1000133,10528
92026,6,2024,I,Y,0,0,0
92026,6,2024,R,N,3447,811945,236
92027,6,2024,A,Y,0,0,0
92027,6,2024,C,Y,0,0,0
92027,6,2024,I,Y,0,0,0
92027,6,2024,R,Y,3394,836887,247
92028,6,2024,A,Y,0,0,0
92028,6,2024,C,Y,0,0,0
92028,6,2024,I,Y,0,0,0
92028,6,2024,R,N,4462,706278,158
92029,6,2024,A,Y,0,0,0
92029,6,2024,C,Y,0,0,0
92029,6,2024,I,Y,0,0,0
92029,6,2024,R,N,1294,787990,609
92036,6,2024,A,Y,0,0,0
92036,6,2024,C,Y,0,0,0
92036,6,2024,I,Y,0,0,0
92036,6,2024,R,Y,416,117490,282
92037,6,2024,A,Y,0,0,0
92037,6,2024,C,Y,0,0,0
92037,6,2024,I,Y,0,0,0
92037,6,2024,R,Y,5679,1826190,322
92040,6,2024,A,Y,0,0,0
92040,6,2024,C,Y,0,0,0
92040,6,2024,I,Y,0,0,0
92040,6,2024,R,N,3315,1211176,365
92045,6,2024,C,Y,0,0,0
92045,6,2024,I,Y,0,0,0
92045,6,2024,R,Y,0,0,0
92049,6,2024,A,Y,0,0,0
92049,6,2024,C,Y,0,0,0
92049,6,2024,I,Y,0,0,0
92049,6,2024,R,Y,0,0,0
92054,6,2024,A,Y,0,0,0
92054,6,2024,C,Y,751,5657899,7534
92054,6,2024,I,Y,0,0,0
92054,6,2024,R,Y,7709,1597905,207
92055,6,2024,A,Y,0,0,0
92055,6,2024,C,Y,0,0,0
92055,6,2024,I,Y,0,0,0
92055,6,2024,R,Y,0,0,0
92056,6,2024,A,Y,0,0,0
92056,6,2024,C,Y,0,0,0
92056,6,2024,I,Y,0,0,0
92056,6,2024,R,N,13290,2463076,185
92057,6,2024,A,Y,0,0,0
92057,6,2024,C,Y,0,0,0
92057,6,2024,I,Y,0,0,0
92057,6,2024,R,N,10027,1163088,116
92058,6,2024,A,Y,0,0,0
92058,6,2024,C,Y,0,0,0
92058,6,2024,I,Y,0,0,0
92058,6,2024,R,Y,5517,1714276,311
92059,6,2024,A,Y,0,0,0
92059,6,2024,C,Y,0,0,0
92059,6,2024,I,Y,0,0,0
92059,6,2024,R,N,423,241424,571
92060,6,2024,A,Y,0,0,0
92060,6,2024,C,Y,0,0,0
92060,6,2024,I,Y,0,0,0
92060,6,2024,R,Y,0,0,0
92061,6,2024,A,Y,0,0,0
92061,6,2024,C,Y,0,0,0
92061,6,2024,I,Y,0,0,0
92061,6,2024,R,N,412,157657,383
92064,6,2024,A,Y,0,0,0
92064,6,2024,C,Y,0,0,0
92064,6,2024,I,Y,0,0,0
92064,6,2024,R,Y,15851,3680484,232
92065,6,2024,A,Y,0,0,0
92065,6,2024,C,Y,0,0,0
92065,6,2024,I,Y,0,0,0
92065,6,2024,R,Y,2940,807664,275
92066,6,2024,A,Y,0,0,0
92066,6,2024,C,Y,0,0,0
92066,6,2024,I,Y,0,0,0
92066,6,2024,R,Y,0,0,0
92067,6,2024,A,Y,0,0,0
92067,6,2024,C,N,79,574051,7266
92067,6,2024,I,Y,0,0,0
92067,6,2024,R,N,612,437802,715
92068,6,2024,A,Y,0,0,0
92068,6,2024,C,Y,0,0,0
92068,6,2024,I,Y,0,0,0
92068,6,2024,R,Y,0,0,0
92069,6,2024,A,Y,0,0,0
92069,6,2024,C,Y,0,0,0
92069,6,2024,I,Y,0,0,0
92069,6,2024,R,Y,3369,438259,130
92070,6,2024,A,Y,0,0,0
92070,6,2024,C,Y,0,0,0
92070,6,2024,I,Y,0,0,0
92070,6,2024,R,Y,0,0,0
92071,6,2024,A,Y,0,0,0
92071,6,2024,C,Y,1370,8394969,6128
92071,6,2024,I,Y,0,0,0
92071,6,2024,R,Y,20203,6441827,319
92072,6,2024,A,Y,0,0,0
92072,6,2024,C,Y,0,0,0
92072,6,2024,I,Y,0,0,0
92072,6,2024,R,Y,0,0,0
92075,6,2024,A,Y,0,0,0
92075,6,2024,C,N,699,2634790,3769
92075,6,2024,I,Y,0,0,0
92075,6,2024,R,N,5711,1769027,310
92078,6,2024,A,Y,0,0,0
92078,6,2024,C,Y,0,0,0
92078,6,2024,I,Y,0,0,0
92078,6,2024,R,N,3763,897120,238
92079,6,2024,A,Y,0,0,0
92079,6,2024,C,Y,0,0,0
92079,6,2024,I,Y,0,0,0
92079,6,2024,R,Y,0,0,0
92081,6,2024,A,Y,0,0,0
92081,6,2024,C,Y,649,5880555,9061
92081,6,2024,I,Y,0,0,0
92081,6,2024,R,Y,5746,1278965,223
92082,6,2024,A,Y,0,0,0
92082,6,2024,C,Y,0,0,0
92082,6,2024,I,Y,0,0,0
92082,6,2024,R,Y,1928,491028,255
92083,6,2024,A,Y,0,0,0
92083,6,2024,C,Y,0,0,0
92083,6,2024,I,Y,0,0,0
92083,6,2024,R,N,6799,1588030,234
92084,6,2024,A,Y,0,0,0
92084,6,2024,C,Y,356,1361357,3824
92084,6,2024,I,Y,0,0,0
92084,6,2024,R,Y,5035,555844,110
92085,6,2024,A,Y,0,0,0
92085,6,2024,C,Y,0,0,0
92085,6,2024,I,Y,0,0,0
92085,6,2024,R,Y,0,0,0
92086,6,2024,A,Y,0,0,0
92086,6,2024,C,Y,0,0,0
92086,6,2024,I,Y,0,0,0
92086,6,2024,R,Y,124,40687,328
92091,6,2024,A,Y,0,0,0
92091,6,2024,C,Y,0,0,0
92091,6,2024,I,Y,0,0,0
92091,6,2024,R,N,179,93935,525
92092,6,2024,A,Y,0,0,0
92092,6,2024,C,Y,0,0,0
92092,6,2024,I,Y,0,0,0
92092,6,2024,R,Y,0,0,0
92093,6,2024,A,Y,0,0,0
92093,6,2024,C,Y,0,0,0
92093,6,2024,I,Y,0,0,0
92093,6,2024,R,Y,0,0,0
92096,6,2024,A,Y,0,0,0
92096,6,2024,C,Y,0,0,0
92096,6,2024,I,Y,0,0,0
92096,6,2024,R,Y,0,0,0
92101,6,2024,A,Y,0,0,0
92101,6,2024,C,Y,0,0,0
92101,6,2024,I,Y,0,0,0
92101,6,2024,R,Y,15276,5468684,358
92102,6,2024,A,Y,0,0,0
92102,6,2024,C,N,195,1363859,6994
92102,6,2024,I,Y,0,0,0
92102,6,2024,R,N,4458,991607,222
92103,6,2024,A,Y,0,0,0
92103,6,2024,C,Y,0,0,0
92103,6,2024,I,Y,0,0,0
92103,6,2024,R,Y,7394,1637794,222
92104,6,2024,A,Y,0,0,0
92104,6,2024,C,Y,0,0,0
92104,6,2024,I,Y,0,0,0
92104,6,2024,R,N,8385,1537235,183
92105,6,2024,A,Y,0,0,0
92105,6,2024,C,Y,0,0,0
92105,6,2024,I,Y,0,0,0
92105,6,2024,R,N,5605,1205335,215
92106,6,2024,A,Y,0,0,0
92106,6,2024,C,Y,0,0,0
92106,6,2024,I,Y,0,0,0
92106,6,2024,R,Y,2006,494098,246
92107,6,2024,A,Y,0,0,0
92107,6,2024,C,Y,0,0,0
92107,6,2024,I,Y,0,0,0
92107,6,2024,R,N,4349,823028,189
92108,6,2024,A,Y,0,0,0
92108,6,2024,C,N,446,9633328,21599
92108,6,2024,I,Y,0,0,0
92108,6,2024,R,N,8177,2591718,317
92109,6,2024,A,Y,0,0,0
92109,6,2024,C,Y,0,0,0
92109,6,2024,I,Y,0,0,0
92109,6,2024,R,N,9078,1860362,205
92110,6,2024,A,Y,0,0,0
92110,6,2024,C,Y,0,0,0
92110,6,2024,I,Y,0,0,0
92110,6,2024,R,N,4245,1055487,249
92111,6,2024,A,Y,0,0,0
92111,6,2024,C,Y,628,5005433,7970
92111,6,2024,I,Y,0,0,0
92111,6,2024,R,Y,4196,924648,220
92112,6,2024,A,Y,0,0,0
92112,6,2024,C,Y,0,0,0
92112,6,2024,I,Y,0,0,0
92112,6,2024,R,Y,0,0,0
92113,6,2024,A,Y,0,0,0
92113,6,2024,C,Y,0,0,0
92113,6,2024,I,Y,0,0,0
92113,6,2024,R,N,3197,652429,204
92114,6,2024,A,Y,0,0,0
92114,6,2024,C,Y,0,0,0
92114,6,2024,I,Y,0,0,0
92114,6,2024,R,N,3152,754355,239
92115,6,2024,A,Y,0,0,0
92115,6,2024,C,Y,560,4596947,8209
92115,6,2024,I,Y,0,0,0
92115,6,2024,R,Y,7461,1242172,166
92116,6,2024,A,Y,0,0,0
92116,6,2024,C,Y,0,0,0
92116,6,2024,I,Y,0,0,0
92116,6,2024,R,N,5951,1084481,182
92117,6,2024,A,Y,0,0,0
92117,6,2024,C,N,240,1658749,6911
92117,6,2024,I,Y,0,0,0
92117,6,2024,R,N,5310,1006285,190
92118,6,2024,A,Y,0,0,0
92118,6,2024,C,Y,0,0,0
92118,6,2024,I,Y,0,0,0
92118,6,2024,R,Y,7976,3376949,423
92119,6,2024,A,Y,0,0,0
92119,6,2024,C,Y,0,0,0
92119,6,2024,I,Y,0,0,0
92119,6,2024,R,N,2312,554905,240
92120,6,2024,A,Y,0,0,0
92120,6,2024,C,Y,0,0,0
92120,6,2024,I,Y,0,0,0
92120,6,2024,R,N,4143,1235092,298
92121,6,2024,A,Y,0,0,0
92121,6,2024,C,Y,0,0,0
92121,6,2024,I,Y,0,0,0
92121,6,2024,R,Y,746,498624,668
92122,6,2024,A,Y,0,0,0
92122,6,2024,C,Y,0,0,0
92122,6,2024,I,Y,0,0,0
92122,6,2024,R,N,10311,2434432,236
92123,6,2024,A,Y,0,0,0
92123,6,2024,C,Y,483,17271077,35758
92123,6,2024,I,Y,0,0,0
92123,6,2024,R,Y,4678,1828811,391
92124,6,2024,A,Y,0,0,0
92124,6,2024,C,Y,0,0,0
92124,6,2024,I,Y,0,0,0
92124,6,2024,R,N,2973,857326,288
92126,6,2024,A,Y,0,0,0
92126,6,2024,C,Y,617,3688587,5978
92126,6,2024,I,Y,0,0,0
92126,6,2024,R,Y,8167,1848635,226
92127,6,2024,A,Y,0,0,0
92127,6,2024,C,Y,0,0,0
92127,6,2024,I,Y,0,0,0
92127,6,2024,R,N,3645,1567867,430
92128,6,2024,A,Y,0,0,0
92128,6,2024,C,Y,0,0,0
92128,6,2024,I,Y,0,0,0
92128,6,2024,R,Y,5672,1862555,328
92129,6,2024,A,Y,0,0,0
92129,6,2024,C,Y,0,0,0
92129,6,2024,I,Y,0,0,0
92129,6,2024,R,N,4393,1097175,250
92130,6,2024,A,Y,0,0,0
92130,6,2024,C,Y,0,0,0
92130,6,2024,I,Y,0,0,0
92130,6,2024,R,N,6414,1662406,259
92131,6,2024,A,Y,0,0,0
92131,6,2024,C,Y,213,3044098,14292
92131,6,2024,I,Y,0,0,0
92131,6,2024,R,Y,3301,764791,232
92132,6,2024,A,Y,0,0,0
92132,6,2024,C,Y,0,0,0
92132,6,2024,I,Y,0,0,0
92132,6,2024,R,Y,0,0,0
92134,6,2024,A,Y,0,0,0
92134,6,2024,C,Y,0,0,0
92134,6,2024,I,Y,0,0,0
92134,6,2024,R,Y,0,0,0
92135,6,2024,A,Y,0,0,0
92135,6,2024,C,Y,0,0,0
92135,6,2024,I,Y,0,0,0
92135,6,2024,R,Y,0,0,0
92136,6,2024,A,Y,0,0,0
92136,6,2024,C,Y,0,0,0
92136,6,2024,I,Y,0,0,0
92136,6,2024,R,Y,0,0,0
92139,6,2024,A,Y,0,0,0
92139,6,2024,C,Y,0,0,0
92139,6,2024,I,Y,0,0,0
92139,6,2024,R,N,1930,442629,229
92145,6,2024,A,Y,0,0,0
92145,6,2024,C,Y,0,0,0
92145,6,2024,I,Y,0,0,0
92145,6,2024,R,Y,0,0,0
92152,6,2024,A,Y,0,0,0
92152,6,2024,C,Y,0,0,0
92152,6,2024,I,Y,0,0,0
92152,6,2024,R,Y,0,0,0
92154,6,2024,A,Y,0,0,0
92154,6,2024,C,Y,608,8788536,14455
92154,6,2024,I,Y,0,0,0
92154,6,2024,R,Y,5043,1466625,291
92155,6,2024,A,Y,0,0,0
92155,6,2024,C,Y,0,0,0
92155,6,2024,I,Y,0,0,0
92155,6,2024,R,Y,0,0,0
92158,6,2024,A,Y,0,0,0
92158,6,2024,C,Y,0,0,0
92158,6,2024,I,Y,0,0,0
92158,6,2024,R,Y,0,0,0
92161,6,2024,A,Y,0,0,0
92161,6,2024,C,Y,0,0,0
92161,6,2024,I,Y,0,0,0
92161,6,2024,R,Y,0,0,0
92173,6,2024,A,Y,0,0,0
92173,6,2024,C,Y,0,0,0
92173,6,2024,I,Y,0,0,0
92173,6,2024,R,N,1208,172996,143
92179,6,2024,A,Y,0,0,0
92179,6,2024,C,Y,0,0,0
92179,6,2024,I,Y,0,0,0
92179,6,2024,R,Y,0,0,0
92182,6,2024,A,Y,0,0,0
92182,6,2024,C,Y,0,0,0
92182,6,2024,I,Y,0,0,0
92182,6,2024,R,Y,0,0,0
92199,6,2024,A,Y,0,0,0
92199,6,2024,C,Y,0,0,0
92199,6,2024,I,Y,0,0,0
92199,6,2024,R,Y,0,0,0
92536,6,2024,A,Y,0,0,0
92536,6,2024,C,Y,0,0,0
92536,6,2024,I,Y,0,0,0
92536,6,2024,R,Y,0,0,0
92624,6,2024,A,Y,0,0,0
92624,6,2024,C,Y,0,0,0
92624,6,2024,I,Y,0,0,0
92624,6,2024,R,N,2893,1078298,373
92625,6,2024,A,Y,0,0,0
92629,6,2024,A,Y,0,0,0
92629,6,2024,C,Y,0,0,0
92629,6,2024,I,Y,0,0,0
92629,6,2024,R,N,13116,4716440,360
92649,6,2024,A,Y,0,0,0
92651,6,2024,A,Y,0,0,0
92651,6,2024,C,Y,0,0,0
92651,6,2024,I,Y,0,0,0
92651,6,2024,R,Y,1636,792659,485
92653,6,2024,A,Y,0,0,0
92653,6,2024,C,Y,0,0,0
92653,6,2024,I,Y,0,0,0
92653,6,2024,R,N,5763,2628339,456
92654,6,2024,A,Y,0,0,0
92654,6,2024,C,Y,0,0,0
92654,6,2024,I,Y,0,0,0
92654,6,2024,R,Y,0,0,0
92656,6,2024,A,Y,0,0,0
92656,6,2024,C,Y,0,0,0
92656,6,2024,I,Y,0,0,0
92656,6,2024,R,N,2353,819568,348
92672,6,2024,A,Y,0,0,0
92672,6,2024,C,Y,0,0,0
92672,6,2024,I,Y,0,0,0
92672,6,2024,R,Y,15514,4817814,311
92673,6,2024,A,Y,0,0,0
92673,6,2024,C,N,768,5581025,7267
92673,6,2024,I,Y,0,0,0
92673,6,2024,R,N,10241,3466922,339
92674,6,2024,A,Y,0,0,0
92674,6,2024,C,Y,0,0,0
92674,6,2024,I,Y,0,0,0
92674,6,2024,R,Y,0,0,0
92675,6,2024,A,Y,0,0,0
92675,6,2024,C,Y,1313,8052202,6133
92675,6,2024,I,Y,0,0,0
92675,6,2024,R,Y,11969,4924517,411
92676,6,2024,A,Y,0,0,0
92676,6,2024,C,Y,0,0,0
92676,6,2024,I,Y,0,0,0
92676,6,2024,R,Y,0,0,0
92677,6,2024,A,Y,0,0,0
92677,6,2024,C,Y,1710,11866331,6939
92677,6,2024,I,Y,0,0,0
92677,6,2024,R,Y,23119,8540986,369
92679,6,2024,A,Y,0,0,0
92679,6,2024,C,Y,0,0,0
92679,6,2024,I,Y,0,0,0
92679,6,2024,R,N,3235,1511811,467
92688,6,2024,A,Y,0,0,0
92688,6,2024,C,Y,0,0,0
92688,6,2024,I,Y,0,0,0
92688,6,2024,R,N,1980,623977,315
92690,6,2024,A,Y,0,0,0
92690,6,2024,C,Y,0,0,0
92690,6,2024,I,Y,0,0,0
92690,6,2024,R,Y,0,0,0
92691,6,2024,A,Y,0,0,0
92691,6,2024,C,Y,0,0,0
92691,6,2024,I,Y,0,0,0
92691,6,2024,R,Y,3925,1463582,373
92692,6,2024,A,Y,0,0,0
92692,6,2024,C,Y,380,3695864,9726
92692,6,2024,I,Y,0,0,0
92692,6,2024,R,Y,6325,2253255,356
92693,6,2024,A,Y,0,0,0
92693,6,2024,C,Y,0,0,0
92693,6,2024,I,Y,0,0,0
92693,6,2024,R,Y,0,0,0
92694,6,2024,A,Y,0,0,0
92694,6,2024,C,Y,0,0,0
92694,6,2024,I,Y,0,0,0
92694,6,2024,R,N,12953,4980852,385
